No.	Quantity	Comment	Designator	Footprint	Value	Manufacturer Part	Manufacturer	Supplier Part	Supplier	LCSC Price	JLCPCB Stock	LCSC Stock	Primary Category	Secondary Category	Datasheet	JLCPCB Price	Unique ID	Add into BOM	Name	Device	Symbol
1	24	100nF	C1,C8,C14,C15,C19,C20,C21,C32MCU,C42,C48,C50,C52,C67,C70,C76,C80,C84,C85,C86,C98,C99,C102,C103,C104	C0402	100nF	CC0402KRX7R7BB104	YAGEO(国巨)	C60474	LCSC		15050873				https://atta.szlcsc.com/upload/public/pdf/source/20211223/9278FD768280B81DDBEF48FA36411A03.pdf	0.0002	gge6,gge7,gge7_1,gge9,gge11,gge18,gge20,gge25,gge27,gge29,gge73,gge73_1,gge73_2,gge73_3,gge91,gge102,gge134,gge139,gge139_1,gge171,gge172,gge176,gge177,gge178	yes	100nF	CC0402KRX7R7BB104	CAP
2	6	22pF	C2,C7,C12,C17,C72,C77	C0603	22pF	CC0603JRNPO9BN220	YAGEO(国巨)	C105620	LCSC		2594345				https://item.szlcsc.com/datasheet/CC0603JRNPO9BN220/106835.html	0.0004	gge3,gge4,gge17,gge23,gge140,gge140_1	yes	22pF	CC0603JRNPO9BN220	CAP
3	6	4.7uF	C3,C4,C46,C79,C100,C101	C0603	4.7uF	CL10A475KP8NNNC	SAMSUNG(三星)	C1705	LCSC		6396993				https://item.szlcsc.com/datasheet/CL10A475KP8NNNC/2057.html	0.001	gge5,gge81,gge83,gge140_2,gge171_1,gge171_2	yes	4.7uF	CL10A475KP8NNNC	CAP
4	3	1uF	C9,C43,C47	C0603	1uF	CL10B105KB8NQNC	SAMSUNG(三星)	C5199872	LCSC		1626808				https://item.szlcsc.com/datasheet/CL10B105KB8NQNC/5885909.html	0.0014	gge12,gge74,gge82	yes	1uF	CL10B105KB8NQNC	CAP
5	2	2.2uF	C10,C49	C0603	2.2uF	CL10A225KO8NNNC	SAMSUNG(三星)	C23630	LCSC		3392357				https://item.szlcsc.com/datasheet/CL10A225KO8NNNC/24366.html	0.0011	gge13,gge84	yes	2.2uF	CL10A225KO8NNNC	CAP
6	2	10nF	C11,C16	C0603	10nF	FCC0603B103K500CT	FOJAN(富捷)	C5137477	LCSC		10581060				https://item.szlcsc.com/datasheet/FCC0603B103K500CT/5746979.html	0.0004	gge16,gge22	yes	10nF	FCC0603B103K500CT	CAP
7	2	10uF	C13,C18	C0603	10uF	CL10A106MQ8NNNC	SAMSUNG(三星)	C1691	LCSC		5270207				https://item.szlcsc.com/datasheet/CL10A106MQ8NNNC/2043.html	0.0013	gge24,gge36	yes	10uF	CL10A106MQ8NNNC	CAP
8	1	1uF	C44	C0402	1uF	V105K0402X7R6R3NNT	VIIYONG(微容)	C5240378	LCSC		0		Capacitors	Multilayer Ceramic Capacitors MLCC - SMD/SMT	https://item.szlcsc.com/datasheet/V105K0402X7R6R3NNT/5944237.html	0.001	gge75	yes	1uF	V105K0402X7R6R3NNT	V105K0402X7R6R3NNT
9	2	100nF	C51,C53	C1206	100nF	CGA1206M3L104J101MT	HRE(芯声)	C22440581	LCSC		2581		Capacitors	Multilayer Ceramic Capacitors MLCC - SMD/SMT	https://item.szlcsc.com/datasheet/CGA1206M3L104J101MT/24087515.html	0.0068	gge94,gge107	yes	100nF	CGA1206M3L104J101MT	CGA1206M3L104J101MT
10	2	22uF	C74,C78	C0603	22uF	CL10A226MQ8NRNC	SAMSUNG(三星)	C59461	LCSC		14359811				https://item.szlcsc.com/datasheet/CL10A226MQ8NRNC/60514.html	0.0015	gge147,gge147_1	yes	22uF	CL10A226MQ8NRNC	CAP
11	1	4.7uF	C81	CAP-SMD_L3.5-W2.8-FD	4.7uF	CA45-B-35V-4.7UF-K	CEC(振华新云)	C2764875	LCSC		4052		Capacitors	Tantalum Capacitors	https://item.szlcsc.com/datasheet/CA45-B-35V-4.7UF-K/2899509.html	0.0358	gge160	yes	4.7uF	CA45-B-35V-4.7UF-K	CA45-B-35V-4.7UF-K
12	2	330uF	C82,C83	CAP-TH_BD8.0-P3.50-D0.6-FD	330uF	ERS1EM331F12OT	AISHI(艾华集团)	C383041	LCSC		17996				https://atta.szlcsc.com/upload/public/pdf/source/20191015/C438940_4B8E60A742BB0AE40DDEF87A5C89089D.pdf	0.0064	gge161,gge162	yes	330uF	ERS1EM331F12OT	CA45-B-35V-4.7UF-K
13	1	100nF	C87	C0603	100nF	CC0603KRX7R9BB104	YAGEO(国巨)	C14663	LCSC		43025082				https://item.szlcsc.com/datasheet/CC0603KRX7R9BB104/15331.html	0.0005	gge163	yes	100nF	CC0603KRX7R9BB104	CA45-B-35V-4.7UF-K
14	7	1uF	C88,C90,C92,C94,C95,C96,C97	C0603	1uF	CL10B105KA8NNNC	SAMSUNG(三星)	C29936	LCSC		3449065				https://item.szlcsc.com/datasheet/CL10B105KA8NNNC/30690.html	0.0011	gge160_2,gge164,gge164_1,gge166,gge166_1,gge166_2,gge166_3	yes	1uF	CL10B105KA8NNNC	CA45-B-35V-4.7UF-K
15	2	220uF	C91,C93	CAP-TH_BD8.0-P3.50-D0.6-FD	220uF	ERS1EM221F12OT	AISHI(艾华集团)	C160162	LCSC		60318				https://atta.szlcsc.com/upload/public/pdf/source/20191015/C438940_4B8E60A742BB0AE40DDEF87A5C89089D.pdf	0.0062	gge160_1,gge160_3	yes	220uF	ERS1EM221F12OT	CA45-B-35V-4.7UF-K
16	5	B250AF-13	D1,D2,D7,D8,D9	DO-214AC_L4.3-W2.7-LS5.3-RD		B250AF-13	DIODES(美台)	C17389395	LCSC		0		Diodes	Schottky Diodes	https://item.szlcsc.com/datasheet/B250AF-13/18518568.html	0.0325	gge41,gge56,gge56_1,gge56_2,gge56_3	yes	B250AF-13	B250AF-13	B250AF-13
17	2	BAV99	D5,D6	SOT-23-3_L2.9-W1.3-P1.90-LS2.4-BR		BAV99	baocheng(宝乘)	C51898307	LCSC		17116		Diodes	Switching Diodes	https://item.szlcsc.com/datasheet/BAV99/54583732.html	0.0016	gge92,gge106	yes	BAV99	BAV99_C51898307	BAV99_C51898307
18	1	SS14	D10	SMA_L4.3-W2.6-LS5.1-RD		SS14	SUNMATE(森美特)	C5155166	LCSC		57097		Diodes	Schottky Diodes	https://item.szlcsc.com/datasheet/SS14/5783804.html	0.0019	gge157	yes	SS14	SS14_C5155166	SS14_C5155166
19	1	JK-MSMD110-24V	F1	F1812		JK-MSMD110-24V	JK(金科)	C369172	LCSC		81944		Circuit Protection	Resettable Fuses	https://item.szlcsc.com/datasheet/JK-MSMD110-24V/343085.html	0.0066	gge79	yes	JK-MSMD110-24V	JK-MSMD110-24V	JK-MSMD110-24V
20	1	2.54-1*5	H1	HDR-TH_5P-P2.54-V-M		2.54-1*5	ZHOURI(洲日)	C5156614	LCSC		899		Connectors	Pin Headers	https://item.szlcsc.com/datasheet/2.54-1*5/5790714.html	0.0052	gge149	yes	2.54-1*5	2.54-1*5	2.54-1*5
21	4	HX PH254-01-02-Z-L11.5 male header connector	H3,H4,H7,H8	HDR-TH_2P-P2.54-V-M		HX PH254-01-02-Z-L11.5 male header connector	hanxia(韩下)	C52016390	LCSC		14925		Connectors	Pin Headers	https://item.szlcsc.com/datasheet/HX%2520PH254-01-02-Z-L11.5%2520male%2520header%2520connector/54760435.html	0.0022	gge151,gge152,gge155,gge156	yes	HX PH254-01-02-Z-L11.5 male header connector	HX PH254-01-02-Z-L11.5 male header connector	HX PH254-01-02-Z-L11.5 MALE HEADER CONNECTOR
22	2	HX PH254-01-03-Z-L11.5 pcb pin header	H5,H6	HDR-TH_3P-P2.54-V-M-1		HX PH254-01-03-Z-L11.5 pcb pin header	hanxia(韩下)	C52016391	LCSC		20627		Connectors	Pin Headers	https://item.szlcsc.com/datasheet/HX%2520PH254-01-03-Z-L11.5%2520pcb%2520pin%2520header/54760436.html	0.0034	gge153,gge154	yes	HX PH254-01-03-Z-L11.5 pcb pin header	HX PH254-01-03-Z-L11.5 pcb pin header	HX PH254-01-03-Z-L11.5 PCB PIN HEADER
23	3	HCB2012KV-601T20	L1,L2,L3	L0805		HCB2012KV-601T20	TAI-TECH(台庆)	C5139902	LCSC		3134		Filters	Ferrite Beads		0.0035	gge10,gge19,gge26	yes	HCB2012KV-601T20	HCB2012KV-601T20	HCB2012KV-601T20
24	2	47uH	L14,U15	IND-SMD_L11.0-W10.2_CXP1050	47uH	CXP1050-470M-AG(47uh)	DMBJ(振宝佳)	C7187330	LCSC		388		Inductors, Coils, Chokes	Power Inductors	https://atta.szlcsc.com/upload/public/pdf/source/20230710/CFC2BBD551035D908F0C7CBC8304138F.pdf	0.0419	gge63,gge64	yes	47uH	CXP1050-470M-AG(47uh)	CXP1050-470M-AG(47UH)
25	2	10uH	L15,L16	IND-SMD_L3.0-W3.0	10uH	ZET-CORE-303012DT100MBCA	ZE(增益)	C49009156	LCSC		2675		Inductors, Coils, Chokes	Power Inductors	https://item.szlcsc.com/datasheet/ZET-CORE-303012DT100MBCA/51362276.html	0.0251	gge158,gge159	yes	10uH	ZET-CORE-303012DT100MBCA	ZET-CORE-303012DT100MBCA
26	14	WS2812B-2020	LED1,LED2,LED3,LED4,LED5,LED6,LED7,LED8,LED9,LED10,LED11,LED12,LED13,LED14	LED-SMD_4P-L2.0-W2.0-TL_WS2812B-2020		WS2812B-2020	worldsemi	C965555	LCSC		90009		Optoelectronics	RGB LEDs(Built-in IC)	https://item.szlcsc.com/datasheet/WS2812B-2020/1051115.html	0.0136	gge110,gge113,gge116,gge118,gge120,gge122,gge124,gge125,gge127,gge129,gge131,gge133,gge135,gge137	yes	WS2812B-2020	WS2812B-2020	WS2812B-2020
27	1	L2N7002SLLT1G	Q1	SOT-23-3_L3.0-W1.7-P0.95-LS2.9-BR		L2N7002SLLT1G	LRC(乐山无线电)	C22446827	LCSC		7333647				https://atta.szlcsc.com/upload/public/pdf/source/20240529/804683F6F610BC810C43B61F364F3FCA.pdf	0.001	gge99	yes	L2N7002SLLT1G	L2N7002SLLT1G	NPN
28	9	10kΩ	R1,R3,R4,R7,R22,R24,R39,R44,R45	R0603	10kΩ	RC0603FR-0710KL	YAGEO(国巨)	C98220	LCSC		60				https://atta.szlcsc.com/upload/public/pdf/source/20180927/C295883_E8D83085EA81BD7DE0B2B681138C15EE.pdf	0.0003	gge14,gge30,gge31,gge34,gge85,gge87,gge142,gge167,gge168	yes	10kΩ	RC0603FR-0710KL	Res
29	3	40kΩ	R5,R6,R8	R0603	40kΩ	SCR0603F40K	VO(翔胜)	C3016445	LCSC		0				https://atta.szlcsc.com/upload/public/pdf/source/20220513/247AF9639BA21CF93567DC289CCC6A22.pdf	0.0002	gge32,gge33,gge35	yes	40kΩ	SCR0603F40K	Res
30	4	1kΩ	R9,R25,R31,R33	R0603	1kΩ	0603WAF1001T5E	UNI-ROYAL(厚声)	C21190	LCSC		17402634				https://item.szlcsc.com/datasheet/0603WAF1001T5E/21904.html	0.0003	gge38,gge89,gge100,gge104	yes	1kΩ	0603WAF1001T5E	Res
31	2	15kΩ	R10,R15	R0603	15kΩ	0603WAF1502T5E	UNI-ROYAL(厚声)	C22809	LCSC		2483350				https://item.szlcsc.com/datasheet/0603WAF1502T5E/23536.html	0.0003	gge47,gge54	yes	15kΩ	0603WAF1502T5E	Res
32	2	1.2kΩ	R11,R16	R0603	1.2kΩ	0603WAF1201T5E	UNI-ROYAL(厚声)	C22765	LCSC		1340800				https://item.szlcsc.com/datasheet/0603WAF1201T5E/23492.html	0.0003	gge48,gge55	yes	1.2kΩ	0603WAF1201T5E	Res
33	2	2.2kΩ	R12,R17	R0603	2.2kΩ	0603WAF2201T5E	UNI-ROYAL(厚声)	C4190	LCSC		4036746				https://atta.szlcsc.com/upload/public/pdf/source/20200306/C422600_1E6D84923E4A46A82E41ADD87F860B5C.pdf	0.0003	gge49,gge58	yes	2.2kΩ	0603WAF2201T5E_C4190	Res
34	1	32kΩ	R23	R0603	32kΩ	AR03BTC3202	Viking(光颉)	C304066	LCSC		21770				https://item.szlcsc.com/datasheet/AR03BTC3202/288133.html	0.0052	gge86	yes	32kΩ	AR03BTC3202	Res
35	2	47kΩ	R26,R34	R0603	47kΩ	0603WAF4702T5E	UNI-ROYAL(厚声)	C25819	LCSC		2890723				https://item.szlcsc.com/datasheet/0603WAF4702T5E/26562.html	0.0003	gge90,gge103	yes	47kΩ	0603WAF4702T5E	Res
36	2	1MΩ	R28,R35	R0603	1MΩ	0603WAF1004T5E	UNI-ROYAL(厚声)	C22935	LCSC		4317117				https://atta.szlcsc.com/upload/public/pdf/source/20200306/C422600_1E6D84923E4A46A82E41ADD87F860B5C.pdf	0.0003	gge93,gge105	yes	1MΩ	0603WAF1004T5E	Res
37	2	10kΩ	R29,R36	R1206	10kΩ	1206W4F1002T5E	UNI-ROYAL(厚声)	C17902	LCSC		1902422				https://item.szlcsc.com/datasheet/1206W4F1002T5E/18590.html	0.0008	gge95,gge108	yes	10kΩ	1206W4F1002T5E	Res
38	1	10Ω	R32	R0603	10Ω	0603WAF100JT5E	UNI-ROYAL(厚声)	C22859	LCSC		4910006				https://item.szlcsc.com/datasheet/0603WAF100JT5E/23586.html	0.0003	gge101	yes	10Ω	0603WAF100JT5E	Res
39	2	100Ω	R37,R50	R0603	100Ω	FRC0603J101 TS	FOJAN(富捷)	C2907089	LCSC		5041856					0.0002	gge112,gge112_1	yes	100Ω	FRC0603J101 TS	Res
40	1	73.2kΩ	R38	R0603	73.2kΩ	RS-03K7322FT	FH(风华)	C321992	LCSC		14928				https://atta.szlcsc.com/upload/public/pdf/source/20190505/C118335_36085569433BA7FFC796E569DBFE3139.pdf	0.0003	gge141	yes	73.2kΩ	RS-03K7322FT	Res
41	2	100kΩ	R40,R42	R0402	100kΩ	RC0402FR-07100KL	YAGEO(国巨)	C60491	LCSC		3794107				https://item.szlcsc.com/datasheet/RC0402FR-07100KL/61543.html	0.0002	gge141_1,gge143	yes	100kΩ	RC0402FR-07100KL	Res
42	1	25kΩ	R41	R0805	25kΩ	ARG05DTC2502	Viking(光颉)	C2828838	LCSC		27895				https://item.szlcsc.com/datasheet/ARG05DTC2502/2977307.html	0.0016	gge144	yes	25kΩ	ARG05DTC2502	Res
43	1	20kΩ	R43	R0402	20kΩ	RC0402FR-0720KL	YAGEO(国巨)	C93942	LCSC		811635				https://item.szlcsc.com/datasheet/RC0402FR-0720KL/95140.html	0.0002	gge142_1	yes	20kΩ	RC0402FR-0720KL	Res
44	2	5.1kΩ	R46,R47	R0402	5.1kΩ	FRC0402F5101TS	FOJAN(富捷)	C2906874	LCSC		6927712					0.0002	gge169,gge170	yes	5.1kΩ	FRC0402F5101TS	Res
45	4	0Ω	R48,R49,R51,R52	R0603	0Ω	FRC0603P000 TS	FOJAN(富捷)	C2907080	LCSC		6322652					0.0002	gge173,gge174,gge174_1,gge174_2	yes	0Ω	FRC0603P000 TS	Res
46	1	EC11E15244B2	SW1	SW-TH_EC11XXXXXXXX		EC11E15244B2	ALPSALPINE(阿尔卑斯阿尔派)	C470754	LCSC		5011		Switches	Rotary Encoders	https://atta.szlcsc.com/upload/public/pdf/source/20191216/C470795_DE763ECE59BD49533DB26DB53E5D34B2.pdf	0.294	gge175	yes	EC11E15244B2	EC11E15244B2_C470754	EC11E15244B2
47	1	SK12D07VG3	SW2	SW-TH_SK12D07VG3		SK12D07VG3	SHOU HAN(首韩)	C431547	LCSC		17021				https://item.szlcsc.com/datasheet/SK12D07VG3/427904.html	0.0038	gge179	yes	SK12D07VG3	SK12D07VG3_C431547	拨动开关
48	1	STM32F401RET6	U1	LQFP-64_L10.0-W10.0-P0.50-LS12.0-BL		STM32F401RET6	ST(意法半导体)	C116978	LCSC		2992		Embedded Processors & Controllers	Microcontrollers (MCU/MPU/SOC)	https://item.szlcsc.com/datasheet/STM32F401RET6/118236.html	0.3187	gge1	yes	STM32F401RET6	STM32F401RET6	STM32F401RET6
49	2	AD9833BRMZ-REEL7	U2,U4	MSOP-10_L3.0-W3.0-P0.50-LS5.0-BL		AD9833BRMZ-REEL7	ADI(亚德诺)	C9652	LCSC		2200		Data Acquisition	Direct Digital Synthesis (DDS)	https://item.szlcsc.com/datasheet/AD9833BRMZ-REEL7/10182.html	1.2144	gge15,gge21	yes	AD9833BRMZ-REEL7	AD9833BRMZ-REEL7	AD9833BRMZ
50	1	CH224K	U7	ESSOP-10_L4.9-W3.9-P1.0-LS6.0-TL-EP		CH224K	WCH(南京沁恒)	C970725	LCSC		5438				https://item.szlcsc.com/datasheet/CH224K/1060460.html	0.0902	gge37	yes	CH224K	CH224K	CH224K
51	2	XL4015E1	U8,U11	TO-263-5_L10.2-W8.9-P1.70-TL		XL4015E1	XLSEMI(芯龙)	C51661	LCSC		87652		Power Management (PMIC)	DC-DC Converters	https://item.szlcsc.com/datasheet/XL4015E1/52674.html	0.0987	gge40,gge61	yes	XL4015E1	XL4015E1	XL4015E1
52	2	MCP4725A1T-E/CH	U9,U12	SOT-23-6_L2.9-W1.6-P0.95-LS2.8-BR		MCP4725A1T-E/CH	MICROCHIP(美国微芯)	C61423	LCSC		1520		Data Acquisition	Digital to Analog Converters (DAC)	https://item.szlcsc.com/datasheet/MCP4725A1T-E%252FCH/62476.html	0.2466	gge50,gge57	yes	MCP4725A1T-E/CH	MCP4725A1T-E/CH	MCP4725A1T-E/CH
53	1	LP5907MFX-3.3	U16	SOT-23-5_L3.0-W1.7-P0.95-LS2.8-BR		LP5907MFX-3.3	TECH PUBLIC(台舟)	C23380874	LCSC		3790		Power Management (PMIC)	Voltage Regulators - Linear, Low Drop Out (LDO) Regulators	https://item.szlcsc.com/datasheet/LP5907MFX-3.3/25111544.html	0.0197	gge72	yes	LP5907MFX-3.3	LP5907MFX-3.3	LP5907MFX-3.3
54	1	LM27761DSGR	U17	WSON-8_L2.0-W2.0-P0.65-BL-EP		LM27761DSGR	TI(德州仪器)	C129351	LCSC		28368		Power Management (PMIC)	Charge Pumps	https://www.ti.com/cn/lit/gpn/lm27761	0.142	gge80	yes	LM27761DSGR	LM27761DSGR	LM27761DSGR
55	2	ADCMP602BRMZ	U18,U20	MSOP-8_L3.0-W3.0-P0.65-LS5.0-BL		ADCMP602BRMZ	ADI(亚德诺)	C207991	LCSC		7		Amplifiers/Comparators	Comparators	https://item.szlcsc.com/datasheet/ADCMP602BRMZ/209045.html	1.1702	gge88,gge109	yes	ADCMP602BRMZ	ADCMP602BRMZ	ADCMP602BRMZ
56	1	HS20HS072RX	U19	OLED-SMD_HS20HS072RX		HS20HS072RX	HS(汉昇)	C5329582	LCSC		882		Displays	LCD Screen	https://atta.szlcsc.com/upload/public/pdf/source/20221215/8081666AF7BFDE257CAA474692F2FEBB.pdf	0.5555	gge98	yes	HS20HS072RX	HS20HS072RX	HS20HS072RX
57	2	SY8201CABC	U22,U23	SOT-23-6_L2.9-W1.6-P0.95-LS2.8-BR		SY8201CABC	Silergy(矽力杰)	C2763455	LCSC		1486		Power Management (PMIC)	DC-DC Converters	https://item.szlcsc.com/datasheet/SY8201CABC/2893333.html	0.0359	gge145,gge145_1	yes	SY8201CABC	SY8201CABC	SY8201CABC
58	1	TSH22IDT	U25	SO-8_L4.9-W3.9-P1.27-LS6.0-BL		TSH22IDT	ST(意法半导体)	C87720	LCSC		121		Amplifiers/Comparators	Operational Amplifier	https://item.szlcsc.com/datasheet/TSH22IDT/88898.html	0.0904	gge96	yes	TSH22IDT	TSH22IDT	TSH22IDT
59	2	TYPE-C-31-M-12	USBC1,USBC2	USB-C_SMD-TYPE-C-31-M-12_1		TYPE-C-31-M-12	韩国韩荣	C165948	LCSC		342239		Connectors	USB Connectors	https://item.szlcsc.com/datasheet/TYPE-C-31-M-12/177331.html	0.0273	gge150,gge150_1	yes	TYPE-C-31-M-12	TYPE-C-31-M-12	TYPE-C-31-M-12
60	1	8MHz	X1	CRYSTAL-TH_L11.1-W4.7	8MHz	T49S8MLDBE2X	YJX(雅晶鑫)	C19189930	LCSC		6902		Crystals, Oscillators, Resonators	Crystals	https://item.szlcsc.com/datasheet/T49S8MLDBE2X/20422180.html	0.0107	gge2	yes	8MHz	T49S8MLDBE2X	T49S8MLDBE2X
61	1	25MHz	X2	OSC-SMD_4P-L3.2-W2.5-BL-OXETDLJANF-0.032768MHZ	25MHz	OXETDLJANF-25MHZ	TAITIEN(泰艺电子)	C5382666	LCSC		1817		Crystals, Oscillators, Resonators	Crystal Oscillators	https://atta.szlcsc.com/upload/public/pdf/source/20240422/44B1B88876E7BE6E2B9E1240E5C74211.pdf	0.0911	gge28	yes	25MHz	OXETDLJANF-25MHZ	OXETDLJANF-25MHZ
